{"params": {"max_depth": 31, "min_child_weight": 2.6308343207758544, "gamma": 0.20652986663812278}, "accuracy": 0.8703445605884632, "n_trials": 500, "timestamp": "2025-08-28 14:41:04"}