{"xgboost": {"params": {"max_depth": 31, "min_child_weight": 2.6308343207758544, "gamma": 0.20652986663812278}, "accuracy": 0.8703445605884632, "n_trials": 500}, "decision_tree": {"params": {"max_depth": 4}, "accuracy": 0.7387921022067363, "max_allowed_depth": 4}, "timestamp": "2025-09-10 15:08:28"}