{"params": {"max_depth": 106, "min_child_weight": 3.83970621002769, "gamma": 0.003780877866692983}, "accuracy": 0.9707136572995911, "n_trials": 500, "timestamp": "2025-08-28 13:31:29"}