{"params": {"max_depth": 78, "min_child_weight": 0.9275559735646941, "gamma": 0.006339952422852499}, "accuracy": 0.9247863247863249, "n_trials": 500, "timestamp": "2025-08-28 14:44:21"}