{"xgboost": {"params": {"max_depth": 126, "min_child_weight": 0.222482837301094, "gamma": 1.6364327074290788}, "accuracy": 0.7945503355704698, "n_trials": 500}, "decision_tree": {"params": {"max_depth": 3}, "accuracy": 0.7758329604772558, "max_allowed_depth": 4}, "timestamp": "2025-09-10 15:14:03"}