{"params": {"max_depth": 126, "min_child_weight": 0.222482837301094, "gamma": 1.6364327074290788}, "accuracy": 0.7945503355704698, "n_trials": 500, "timestamp": "2025-08-28 14:46:29"}