{"params": {"max_depth": 65, "min_child_weight": 0.7200377632956736, "gamma": 0.010726858778921742}, "accuracy": 0.9922833766161236, "n_trials": 500, "timestamp": "2025-08-28 13:39:34"}