{"params": {"max_depth": 117, "min_child_weight": 3.2683325610365923, "gamma": 0.119660791552487}, "accuracy": 0.9951417827914179, "n_trials": 500, "timestamp": "2025-08-28 14:48:40"}