{"xgboost": {"params": {"max_depth": 117, "min_child_weight": 3.2683325610365923, "gamma": 0.119660791552487}, "accuracy": 0.9951417827914179, "n_trials": 500}, "decision_tree": {"params": {"max_depth": 4}, "accuracy": 0.9565034284450343, "max_allowed_depth": 4}, "timestamp": "2025-09-09 19:48:28"}