{"xgboost": {"params": {"max_depth": 127, "min_child_weight": 2.149383594333279, "gamma": 0.12210593007584022}, "accuracy": 0.884761904761905, "n_trials": 500}, "decision_tree": {"params": {"max_depth": 3}, "accuracy": 0.8114285714285715, "max_allowed_depth": 4}, "timestamp": "2025-09-24 01:17:58"}