{"xgboost": {"params": {"max_depth": 39, "min_child_weight": 0.31366694223668196, "gamma": 0.0011806553353583718}, "accuracy": 0.85041213480954, "n_trials": 500}, "decision_tree": {"params": {"max_depth": 4}, "accuracy": 0.6752150091856476, "max_allowed_depth": 4}, "timestamp": "2025-09-08 19:24:56"}