{"params": {"max_depth": 39, "min_child_weight": 0.31366694223668196, "gamma": 0.0011806553353583718}, "accuracy": 0.85041213480954, "n_trials": 500, "timestamp": "2025-08-28 23:48:43"}