{"params": {"max_depth": 9, "min_child_weight": 0.18082838042175542, "gamma": 0.06923305800973695}, "accuracy": 0.9562417976679414, "n_trials": 500, "timestamp": "2025-08-28 14:34:50"}