{"params": {"max_depth": 125, "min_child_weight": 3.938412082313815, "gamma": 1.2705262280534817}, "accuracy": 0.8226415094339622, "n_trials": 500, "timestamp": "2025-08-28 14:37:01"}