{"xgboost": {"params": {"max_depth": 125, "min_child_weight": 3.938412082313815, "gamma": 1.2705262280534817}, "accuracy": 0.8226415094339622, "n_trials": 500}, "decision_tree": {"params": {"max_depth": 1}, "accuracy": 0.7939902166317262, "max_allowed_depth": 4}, "timestamp": "2025-09-10 15:03:47"}